terms,categories
accounting,accounting
acoustics,acoustics
adaptive dynamics,adaptive dynamics
advanced computational science,computer science
advanced materials for energy,materials science
advanced optical design,optical design
aeroecology,aeroecology
aeronautics,aeronautics
aerospace engineering,aerospace engineering
aerospace systems,aerospace systems
aging sciences,aging science
agricultural and biological engineering,"agricultural engineering, biological engineering"
agricultural and biosystems engineering,"agricultural engineering, biosystems engineering"
agricultural biotechnology,agricultural biotechnology
agricultural ecology,agricultural ecology
agricultural economics,agricultural economics
agricultural engineering,agricultural engineering
agricultural science,agricultural science
agricultural sciences,agriculture
agricultural systems,agricultural systems
agriculture science,agricultural science
agriculture-related disciplines,agricultural science
agriculture/economics,"agriculture, economics"
agronomy,agronomy
ai,artificial intelligence
algorithm design,algorithm design
analytical chemistry,analytical chemistry
animal science,animal science
animal sciences,animal science
anthropology,anthropology
applied and engineering physics,"applied physics, engineering physics"
applied anthropology,applied anthropology
applied biodiversity science,applied biodiversity science
applied economics,applied economics
applied engineering,applied engineering
applied engineering programs,applied engineering
applied math,applied mathematics
applied mathematics,applied mathematics
applied mathematics & statistics,"applied mathematics, statistics"
applied mathematics and statistics,"applied mathematics, statistics"
applied mechanics,applied mechanics
applied physics,applied physics
applied physics & applied mathematics,"applied physics, applied mathematics"
applied science,applied science
aquatic science,aquatic science
archaeology,archaeology
archeology,archeology
archeometry,archeometry
architecture,architecture
arctic research,arctic research
art,art
art history,art history
arthropod evolution,arthropod evolution
artificial intelligence,artificial intelligence
artificial intelligence (ai),artificial intelligence
arts,art
arts & sciences,"art, science"
arts and humanities,"art, humanities"
arts and science,"art, science"
arts and sciences,"art, science"
astrobiology,astrobiology
astronautics,astronautics
astronomy,astronomy
astrophysics,astrophysics
atmospheric and marine science,"atmospheric science, marine science"
atmospheric fluid dynamics,atmospheric fluid dynamics
atmospheric science,atmospheric science
atmospheric science/meteorology,"atmospheric science, meteorology"
atmospheric sciences,atmospheric science
atomic physics,atomic physics
automotive engineering,automotive engineering
aviation,aviation
basic biomedical science,biomedical science
basic biomedical sciences,biomedical science
basic science,basic science
basic sciences,basic science
behavior genetics,behavior genetics
behavior science,behavioral science
behavioral biology,behavioral biology
behavioral genetics,behavioral genetics
behavioral science,behavioral science
behavioral sciences,behavioral science
bio-environmental science,bio-environmental science
bio-innovation,bioinnovation
bio-nanotechnology,bionanotechnology
biochemical engineering,biochemical engineering
biochemistry,biochemistry
bioengineering,bioengineering
biofilm engineering,biofilm engineering
biogeochemistry,biogeochemistry
biogeography,biogeography
biogeoscience,biogeoscience
bioinformatics,bioinformatics
biological and environmental engineering,"biological engineering, environmental engineering"
biological disciplines,biology
biological engineering,biological engineering
biological oceanography,biological oceanography
biological science,biology
biological sciences,biology
biological systems engineering,biological systems engineering
biology,biology
biology/biologists,biology
biomathematics,biomathematics
biomechanics and engineering,"biomechanics, engineering"
biomechanics/anatomy,"biomechanics, anatomy"
biomedical engineering,biomedical engineering
biomedical informatics,biomedical informatics
biomedical research,biomedicine
biomedical science,biomedicine
biomedical science and engineering,"biomedicine, biomedical engineering"
biomedical sciences,biomedicine
biomedicine,biomedicine
biometry,biometry
biomolecular engineering,biomolecular engineering
biomolecular science,biomolecular science
biomolecular science & engineering,"biomolecular science, biomolecular engineering"
biophotonics,biophotonics
biophysical science,biophysics
biophysical sciences,biophysics
biophysics,biophysics
bioprocess engineering,bioprocess engineering
biosciences,biology
biosystems,biosystems engineering
biosystems and agricultural engineering,"biosystems engineering, agricultural engineering"
biosystems engineering,biosystems engineering
biotechnology,biotechnology
botanical systems,botanical systems
botany,botany
brain and cognitive science,"brain science, cognitive science"
brain and cognitive sciences,"brain science, cognitive science"
business administration,business administration
business analytics,business analytics
business and entrepreneurship,"business, entrepreneurship"
cardiovascular physiology,cardiovascular physiology
cell and developmental biology,"cell biology, developmental biology"
cell and molecular neurobiology,"cell neurobiology, molecular neurobiology"
cell biology,cell biology
cellular & molecular mechanics,"cellular mechanics, molecular mechanics"
cellular and developmental biology,"cell biology, developmental biology"
cellular biology,cell biology
cellular engineering,cell engineering
center for solid state electronics research,solid state electronics
ceramic engineering,ceramic engineering
ceramics and materials engineering,"ceramic engineering, materials engineering"
cfd (computational fluid dynamics),computational fluid dynamics
chemical and biochemical engineering,"chemical engineering, biochemical engineering"
chemical and biomolecular engineering,"chemical engineering, biomolecular engineering"
chemical and materials engineering,"chemical engineering, materials engineering"
chemical biology,chemical biology
chemical ecology,chemical ecology
chemical engineering,chemical engineering
chemical genomics,chemical genomics
chemical physics,chemical physics
chemical science,chemistry
chemical sciences,chemistry
"chemical, biochemical and environmental engineering","chemical engineering, biochemical engineering, environmental engineering"
chemistry,chemistry
chemistry and biochemistry,"chemistry, biochemistry"
chemistry of life processes,chemistry of life processes
chemistry/pharmaceutics,"chemistry, pharmaceutics"
chronometry,chronometry
civil and environmental engineering,"civil engineering, environmental engineering"
civil engineering,civil engineering
"civil, environmental, and sustainable engineering","civil engineering, environmental engineering, sustainable engineering"
civil/environmental engineering,"civil engineering, environmental engineering"
climate dynamics,climate dynamics
climate modeling,climate modeling
climate science,climatology
climatology,climatology
clinical disciplines,clinical disciplines
clinical psychology,clinical psychology
coastal and marine system science (cmss),"coastal science, marine system science"
coastal ocean sciences,coastal ocean science
cognitive and linguistic sciences,"cognitive science, linguistics"
cognitive neuroscience,cognitive neuroscience
cognitive psychology,cognitive psychology
cognitive science,cognitive science
cognitive sciences,cognitive science
cold regions research,cold regions research
colloid and interface science,"colloid science, interface science"
communication science,communication science
communication science and disorders,"communication science, communication disorders"
communication sciences,communication science
comparative and experimental functional morphology,"comparative morphology, experimental functional morphology"
comparative neuroscience,comparative neuroscience
complex networks and systems (cns),complex networks and systems
complex systems,complex systems
computational and data sciences,"computational science, data science"
computational bio-imaging,computational bio-imaging
computational biology,computational biology
computational chemistry,computational chemistry
computational data science,computational data science
computational engineering,computational engineering
computational genomics,computational genomics
computational materials science,computational materials science
computational mathematics,computational mathematics
computational molecular biology,computational molecular biology
computational neuroscience,computational neuroscience
computational phylogenetics,computational phylogenetics
computational physiology,computational physiology
computational science,computer science
computational sciences,computational science
computational statistics,computational statistics
computer and information science and engineering,"computer science, information science, computer engineering, information engineering"
computer and system sciences,"computer science, system science"
computer engineering,computer engineering
computer science,computer science
computer science and behavioral science,"computer science, behavioral science"
computer science and engineering,"computer science, computer engineering"
computer sciences,computer science
computer vision,computer vision
computer/signal processing,"computer processing, signal processing"
computing science,computer science
computing-related disciplines,computer science
conservation biology,conservation biology
conservation biology and biodiversity assessment,conservation biology
conservation science,conservation science
controlled environment agriculture systems,controlled environment agriculture systems
creative writing,creative writing
crop sciences,crop science
cryptography,cryptography
cultural studies,cultural studies
cyber-physical systems,cyber-physical systems
cyber-physical systems (cps),cyber-physical systems
cybersecurity,cybersecurity
cybersecurity education research and outreach center,cybersecurity
data analysis,data analytics
data analytics,data analytics
data science,data science
data visualization,data visualization
data-enabled science,data science
decision science,decision science
decision systems,decision systems
degree programs in engineering,engineering
demography,demography
design,design
development studies,development studies
developmental biology,developmental biology
developmental studies,developmental studies
device engineering,device engineering
different engineering programs,engineering
diplomacy,diplomacy
distributed data analytics,distributed data analytics
earth & environmental engineering,"earth engineering, environmental engineering"
earth & environmental sciences,"earth science, environmental science"
earth and climate science,"earth science, climate science"
earth science,earth science
earth sciences,earth science
earth system science,earth system science
earth system science programs,earth system science
earth system sciences,earth system science
earth systems science,earth system science
ecological genetics,ecological genetics
ecological modeling,ecological modeling
ecology,ecology
ecology and evolution,"ecology, evolutionary biology"
ecology and evolutionary biology,"ecology, evolutionary biology"
economic science,economics
economic sciences,economics
economics,economics
ecophysiology,ecophysiology
ecosystem and environmental science,"ecosystem science, environmental science"
ecosystem science,ecosystem science
ecosystem sciences,ecosystem science
education,education science
education and human resources,education science
education research,education science
education science,education science
education sciences,education science
educational psychology,educational psychology
electric engineering,electrical engineering
electrical & computer engineering,"electrical engineering, computer engineering"
electrical & mechanical engineering,"electrical engineering, mechanical engineering"
electrical and bioengineering,"electrical engineering, bioengineering"
electrical and chemical engineering,"electrical engineering, chemical engineering"
electrical and computer engineering,"electrical engineering, computer engineering"
electrical and computer engineering (ece),"electrical engineering, computer engineering"
electrical and computer systems engineering,"electrical engineering, computer systems engineering"
electrical engineering,electrical engineering
electronics,electronics
elemental chemistry,elemental chemistry
embryology,embryology
energy and environmental policy,"energy policy, environmental policy"
energy science,energy science
engineering,engineering
engineering (eng),engineering
engineering and life science,"engineering, life science"
engineering and mathematics,"engineering, mathematics"
engineering design,engineering design
engineering disciplines,engineering
engineering education research,engineering education
engineering immunological soft materials,materials engineering
engineering physics,engineering physics
engineering research,engineering
engineering science,engineering
engineering science and mechanics,"engineering, mechanics"
english,english
entomological biology,entomology
entomology,entomology
entomology/life sciences,"entomology, life science"
entrepreneurship,entrepreneurship
environment and earth sciences,"environmental science, earth science"
environmental and natural resources sciences,"environmental science, natural resources science"
environmental biology,environmental biology
environmental conservation,environmental conservation
environmental design,environmental design
environmental discipline,environmental science
environmental economics,environmental economics
environmental engineering,environmental engineering
environmental ethics,environmental ethics
environmental health,environmental health
environmental management,environmental management
environmental manufacturing management,environmental manufacturing management
environmental microbiology,environmental microbiology
environmental modeling and prediction,environmental modeling
environmental policy,environmental policy
environmental science,environmental science
environmental science and engineering,"environmental science, environmental engineering"
environmental science policy,environmental policy
environmental sciences,environmental science
environmental social sciences,environmental social science
environmental sociology,environmental sociology
environmental studies,environmental studies
environmental systems,environmental systems
epidemiology,epidemiology
ethical domains,ethics
ethics,ethics
ethnography,ethnography
evolutionary and developmental biology,"evolutionary biology, developmental biology"
evolutionary biology,evolutionary biology
evolutionary developmental biology,evolutionary developmental biology
evolutionary ecology,evolutionary ecology
evolutionary primatology,evolutionary primatology
evolutionary research,evolutionary research
exercise science,exercise science
exercise sciences,exercise science
experimental psychology,experimental psychology
federal policy,federal policy
fisheries,fisheries
fisheries science,fisheries
flexible electronics,flexible electronics
flexible neural electronics,flexible neural electronics
food biochemistry,food biochemistry
food science,food science
forensic engineering,forensic engineering
forensics,forensics
forest ecology,forest ecology
forest ecology and management,"forest ecology, forest management"
forest ecosystems,forest ecosystems
forest management,forest management
forest resources,forestry
forestry,forestry
forestry and wildlife sciences,"forestry, wildlife science"
freshwater ecology,freshwater ecology
functional anatomy and evolution,"functional anatomy, evolution"
functional genomics,functional genomics
game design,game design
game theory,game theory
genetic engineering,genetic engineering
genetic engineering and society (minor),genetic engineering
genetics,genetics
genetics (molecular and population),"molecular genetics, population genetics"
genome biology,genome biology
genome informatics,genome informatics
genome sciences,genome science
genomic sciences,genome science
genomics,genomics
genomics and biology,"genomics, biology"
genomics research,genomics
geoarchaeology,geoarchaeology
geochemistry,geochemistry
geographic information science,geographic information science
geographic information science (giscience),geographic information science
geography,geography
geography and environmental systems,"geography, environmental systems"
geoinformatics,geoinformatics
geological engineering,geological engineering
geological science,geology
geological sciences,geology
geology,geology
geology/geochemists,geology
geometry,geometry
geomicrobiology,geomicrobiology
geophysics,geophysics
geoscience,geoscience
geosciences,geoscience
german,german
health and behavioral sciences,"health science, behavioral science"
health science,health science
health sciences,health science
high performance computing,high performance computing
high-performance computing,high performance computing
history,history
holographics,holographics
hominid paleobiology,hominid paleobiology
horticulture,horticulture
human centered design,human centered design
human centered design & engineering,"human centered design, human centered engineering"
human dimensions of natural resource management,natural resource management
human evolution,human evolution
human factors/industrial organizational psychology,industrial organizational psychology
human genetics,human genetics
human resources,human resources
human-centered science,human-centered science
human-computer interaction,human-computer interaction
humanitarian engineering,humanitarian engineering
humanities,humanities
hydrodynamics,hydrodynamics
hydrology,hydrology
hydrology and atmospheric sciences,"hydrology, atmospheric science"
hydrology science,hydrology
imaging science,imaging science
immunology,immunology
indigenous studies,indigenous studies
indoor environmental science and engineering,"indoor environmental science, indoor environmental engineering"
industrial and systems engineering,"industrial engineering, systems engineering"
industrial design,industrial design
industrial engineering,industrial engineering
infectious disease epidemiology,infectious disease epidemiology
informatics,informatics
information engineering,information engineering
information science,information science
information science and technology,"information science, information technology"
information sciences,information science
information sciences and technology,"information science, information technology"
information security,information security
information systems,information systems
information technology,information technology
infotechnology,infotechnology
infrastructure engineering,infrastructure engineering
insect biology,insect biology
instruments and observational science,instruments science
integrated coastal science,integrated coastal science
integrative bioscience,integrative bioscience
integrative biosciences,integrative biosciences
integrative pathobiology,integrative pathobiology
interdisciplinary computational sciences (ics),compter science
interdisciplinary data science,data science
interdisciplinary data science (mids),data science
interdisciplinary disease ecology,disease ecology
interdisciplinary materials sciences,materials science
interior design,interior design
international affairs,international affairs
internet of things (iot),internet of things
journalism,journalism
journalism/communication,"journalism, communication "
kinesiology,kinesiology
language engineering,language engineering
law,law
learning design and technology,"learning design, learning technology"
learning science,learning science
learning sciences,learning science
liberal arts,liberal arts
library and information science,"library science, information science"
library sciences,library science
life science,life science
life sciences,life science
life-science,life science
limnology,limnology
linguistic science,linguistics
linguistics,linguistics
logic circuit design,logic circuit design
machine learning,machine learning
machine learning (ml),machine learning
macromolecular dynamics,macromolecular dynamics
macromolecular modeling,macromolecular modeling
macromolecular science,macromolecular science
magnetics,magnetics
management,management
management of technology,management of technology
management systems,management systems
manufacturing,manufacturing
marine and climate sciences (mcs),"marine science, climate science"
marine and environmental sciences,"marine science, environmental science"
marine biology,marine biology
marine policy,marine policy
marine science,marine science
marine sciences,marine science
material science,materials science
material sciences,material science
materials chemistry,materials chemistry
materials engineering,materials engineering
materials science,materials science
materials science & engineering,"material science, materials engineering"
materials science and engineering,"material science, materials engineering"
materials science engineering,materials science engineering
materials synthesis,materials synthesis
materials synthesis and characterization,"materials synthesis, materials characterization"
math,mathematics
mathematical and physical sciences,"mathematics, physics"
mathematical investigation,mathematics
mathematical modeling,mathematical modeling
mathematical science,mathematics
mathematical sciences,mathematics
mathematics,mathematics
mathematics (stem),mathematics
mathematics and physical sciences (mps),"mathematics, physics"
mathematics and statistics,"mathematics, statistics"
mathematics-statistics,"mathematics, statistics"
mathstat,"mathematics, statistics"
mechanical & aerospace engineering,"mechanical engineering, aerospace engineering"
mechanical and aeronautical engineering,"mechanical engineering, aeronautical engineering"
mechanical and aerospace engineering,"mechanical engineering, aerospace engineering"
mechanical engineering,mechanical engineering
mechanical systems,mechanical systems
mechanics,mechanics
media arts,media arts
medical engineering,medical engineering
medical law,medical law
medical technology,medical technology
medicinal chemistry,medicinal chemistry
medicine,medicine
medicine degree programs,medicine
membrane science,membrane science
memory systems,memory systems
metabolomics,metabolomics
metallurgical and materials engineering,"metallurgical engineering, materials engineering"
meteorology,meteorology
microbial biology,microbial biology
microbial ecology,microbial ecology
microbiology,microbiology
microelectromechanical systems,microelectromechanical systems
microelectromechanical systems (mems),microelectromechanical systems
microelectronics,microelectronics
microscale systems,microsystems
microsystems,microsystems
microtechnology,microtechnology
molecular and integrative physiology,"molecular physiology, integrative physiology"
molecular biology,molecular biology
molecular biophysics,molecular biophysics
molecular bioscience,molecular bioscience
molecular biosciences,molecular bioscience
molecular engineering,molecular engineering
molecular genetics,molecular genetics
molecular imaging,molecular imaging
molecular life science,molecular life science
molecular physics,molecular physics
"molecular, cellular and developmental biology","molecular biology, cellular biology, developmental biology"
morphology,morphology
morphometrics,morphometrics
motion science,motion science
multi-agent systems,multi-agent systems
multiculturalism,multiculturalism
multiple biological disciplines,biology
museum studies,museum studies
nano-photonics,nanophotonics
nano-scale engineering,nanoscale engineering
nanobiosensors,nanobiosensors
nanobiotechnology,nanobiotechnology
nanomagnetism,nanomagnetism
nanomaterials,nanomaterials
nanomaterials science,nanomaterials science
nanomedicine,nanomedicine
nanoparticle science,nanoparticle science
nanoparticulate materials,nanomaterials
nanoscale engineering,nanoscale engineering
nanoscale instrumentation,nanoscale instrumentation
nanoscale materials,nanomaterials science
nanoscale materials science,nanoscale materials science
nanoscale science,nanoscience
nanoscience,nanoscience
nanotechnology,nanotechnology
native american studies,native american studies
natural interface science,natural interface science
natural resource management,natural resource management
natural resource management studies,natural resource management studies
natural resource science,natural resource science
natural resource sciences,natural resource science
natural resources ecology,natural resources ecology
natural resources ecology and management,"natural resources ecology, natural resources management"
natural resources management,natural resources management
natural resources science,natural resources science
natural science,natural science
natural sciences,natural science
natural systems,natural systems
network management computation,network management computation
network modeling,network modeling
network systems,network systems
neural basis of cognition,cognitive science
neural science,neuroscience
neural sciences,neural science
neural systems engineering,neural systems engineering
neurobiology,neurobiology
neurobiology & behavior,"neurobiology, behavior science"
neurobiology and behavior,neurobiology
neuroengineering,neuroengineering
neuromechanics,neuromechanics
neuromorphic computing,neuromorphic computing
neurophysiology,neurophysiology
neuroscience,neuroscience
nitrogen science,nitrogen science
nonlinear science,nonlinear science
number theory,number theory
nutrition,nutrition
ocean science,ocean science
oceanography,oceanography
operations research,operations research
operations research and industrial engineering,"operations research, industrial engineering"
optical engineering,optical engineering
optical molecular bio-engineering,"optical engineering, molecular engineering, bio engineering"
optical physics,optical physics
optical science,optical science
optics,optical science
optics and imaging,"optics, imaging"
organic chemistry,organic chemistry
organic electronics,organic electronics
organismal biology,organismal biology
organizational science,organizational science
paleoclimatology,paleoclimatology
paleoecology,paleoecology
paleontology,paleontology
parasitology,parasitology
particle physics,particle physics
patent law,patent law
pathogen biology,pathogen biology
pathology,pathology
perceptual and cognitive neuroscience,"perceptual neuroscience, cognitive neuroscience"
perceptual science,perceptual science
pharmaceutical science,pharmaceutical science
pharmaceutics,pharmaceutics
pharmacological science,pharmacology
pharmacological sciences,pharmacology
pharmacology,pharmacology
phenology,phenology
phenotypic studies,phenotypic studies
philosophy,philosophy
philosophy of science,philosophy of science
photobiology,photobiology
photonics,photonics
phylogenetic analysis,phylogenetics
phylogenetics,phylogenetics
physical and life science,"physical science, life science"
physical anthropology,physical anthropology
physical biosciences,physical biosciences
physical electronics,physical electronics
physical organic chemistry,physical organic chemistry
physical science,physics
physical sciences,physics
physics,physics
physics and astronomy,"physics, astronomy"
physics of cell structures,cell structure physics
physiological modeling,physiological modeling
physiology,physiology
physiology and biophysics,"physiology, biophysics"
phytopathology,phytopathology
plant and soil science,"plant science, soil science"
plant and soil sciences,"plant science, soil science"
plant biology,plant biology
plant biotechnology,plant biotechnology
plant breeding,plant breeding
plant development,plant development
plant genetics,plant genetics
plant pathology,plant pathology
plant science,plant science
plant science research,plant science
plant sciences,plant science
polar sciences,polar science
political economy,political economy
political science,political science
polymer design,polymer design
polymer engineering,polymer engineering
polymer science,polymer science
polymer science and engineering,"polymer science, polymer engineering"
population biology,population biology
population dynamics,population dynamics
population genetics,population genetics
population health sciences,population health science
population science,population science
power electronics and controls,power electronics
preventive medicine,preventive medicine
primatology,primatology
process engineering,process engineering
product design,product design
product development,product development
product engineering,product engineering
protein engineering,protein engineering
proteomics,proteomics
psychological science,psychology
psychological sciences,psychology
psychology,psychology
psychophysics,psychophysics
public affairs,public affairs
public health,public health
public policy,public policy
public policy/government,"public policy, government"
public science (minor),public science
pure and applied mathematics,"pure mathematics, applied mathematics"
qise (quantum information science and engineering),"quantum information science, quantum information engineering"
quantitative biology,quantitative biology
quantum computing,quantum computing
quantum engineering,quantum engineering
quantum photonics,quantum photonics
quantum science,quantum science
quantum sciences,quantum science
radio frequency engineering,radio frequency engineering
radiochemistry,radiochemistry
rangeland science,rangeland science
regenerative biology,regenerative biology
regenerative medicine,regenerative medicine
rehabilitation and movement science (arms),"rehabilitation science, movement science"
rehabilitation sciences,rehabilitation science
rehabilitation therapy education,rehabilitation therapy education
relationship science,relationship science
reproductive ecology,reproductive ecology
resource economics,resource economics
resource management,resource management
robotic engineering,robotics engineering
robotics,robotics
robotics engineering,robotics engineering
rural sociology,rural sociology
science,science
science and engineering,"science, engineering"
"science, technology, engineering, and mathematics (stem)","science, technology, engineering, mathematics"
sciences,science
scientific computation science,scientific computation science
semiconductor engineering,semiconductor engineering
semiconductor technology,semiconductor technology
sensor electronics,sensor electronics
sensor engineering,sensor engineering
sensor physics,sensor physics
sensor science,sensor science
sensory biology,sensory biology
small-scale hydrodynamics,hydrodynamics
social and behavioral sciences,"social science, behavioral science"
social and behavioral sciences (sbe),"social science, behavioral science"
social behavioral science,social behavioral science
social behavioral sciences,social behavioral science
social computer sciences,social computing science
social data analytics,social data analytics
social science,social science
social sciences,social science
"social, behavioral, and economic sciences","social science, behavioral science, economics"
social/environmental ethics & policy,"social ethics, social policy, environmental ethics, environmental policy"
socio-environmental systems science,socio-environmental systems science
sociology,sociology
sociology & social policy,"sociology, social policy"
software engineering,software engineering
soil and crop science,"soil science, crop science"
soil and crop sciences,"soil science, crop science"
soil science,soil science
soil science and zoology,"soil science, zoology"
soils sciences,soil science
solid state physics,solid state physics
spanish,spanish
spatial and temporal modeling,"spatial modeling, temporal modeling"
spatial science,spatial science
spatial sciences,spatial science
special education,special education
speech-language-hearing,speech-language-hearing science
speech-language-hearing science,speech-language-hearing science
speech-language-hearing sciences,speech-language-hearing science
statistical science,statistics
statisticics,statistics
statistics,statistics
statistics and probability,"statistics, probability"
stem,"science, technology, engineering, mathematics"
"stem (science, technology, engineering, and math)","science, technology, engineering, mathematics"
"stem (science, technology, engineering, and mathematics)","science, technology, engineering, mathematics"
stem cell biology,stem cell biology
stem education,stem education
stem fields,"science, technology, engineering, mathematics"
stem programs,"science, technology, engineering, mathematics"
structural biology,structural biology
structural engineering,structural engineering
studies in health sciences,health science
supply-chain management,supply-chain management
surgery,surgery
sustainability science,sustainability science
sustainable development,sustainable development
sustainable engineering,sustainable engineering
synthesis and surface functionalization and characterization of nanostructures,nanostructure science
synthetic chemistry,synthetic chemistry
system engineering,system engineering
system science,systems science
systematics,systematics
systems and information engineering,"systems engineering, information engineering"
systems biology,systems biology
systems biology and bioengineering,"systems biology, bioengineering"
systems engineering,systems engineering
systems integration,systems integration
systems modeling,systems modeling
systems neuroscience,systems neuroscience
team science,team science
technology,technology
technology arts,technology arts
theater,theater
theoretical and applied mechanics,"theoretical mechanics, applied mechanics"
theoretical chemistry,theoretical chemistry
theoretical computational modeling,theoretical computational modeling
theoretical mechanics,theoretical mechanics
thermal biology,thermal biology
thermal engineering,thermal engineering
tissue engineering,tissue engineering
toxicology,toxicology
transportation engineering,transportation engineering
transportation planning,transportation planning
transportation science,transportation science
tree-ring studies,tree-ring studies
urban affairs and planning,"urban affairs, urban planning"
urban ecological systems,urban ecological systems
urban ecology,urban ecology
urban ecosystem management,urban ecosystem management
urban planning,urban planning
urban policy planning,urban policy planning
urban studies,urban studies
urban studies and planning,"urban studies, urban planning"
user experience design,user experience design
veterinary medicine,veterinary medicine
video art,video art
video art and interactive installations,"video art, interactive installations"
visual arts,visual arts
visual design,visual design
water resources management,water resources management
water systems,water systems
watershed science,watershed science
watershed sciences,watershed science
wildlife conservation,wildlife conservation
wildlife science,wildlife science
wood science and forest products,wood science
zoology,zoology