terms,categories_mm,categories_sm,consensus
advanced computational science,computer science,computer sciencd,computer science
aeronautics,aeronautics,aeronautics,aeronautics
aerospace,,,
aerospace engineering,aerospace engineering,aerospace engineering,aerospace engineering
agricultural and biological engineering,"agricultural engineering, biological engineering","agricultural engineering, biological engineering","agricultural engineering, biological engineering"
agricultural and biosystems engineering,"agricultural engineering, biosystems engineering","agricultural engineering, biosystems engineering","agricultural engineering, biosystems engineering"
agricultural economics,agricultural economics,agricultural economics,agricultural economics
agricultural engineering,agricultural engineering,agricultural engineering,agricultural engineering
agricultural science,agriculture science,agricultural science,agricultural science
agriculture,,,
agriculture and development,,,
agriculture science,agriculture science,agricultural science,agricultural science
agriculture-related disciplines,agriculture science,,agricultural science
agronomy,agronomy,agronomy,agronomy
analytical chemistry,analytical chemistry,analytical chemistry,analytical chemistry
animal science,animal science,animal science,animal science
anthropology,anthropology,antrhropology,anthropology
applied anthropology,applied anthropology,applied anthropology,applied anthropology
applied economics,applied economics,applied economics,applied economics
applied engineering,applied engineering,applied engineering,applied engineering
applied math,applied mathematics,applied mathematics,applied mathematics
applied mathematics,applied mathematics,applied mathematics,applied mathematics
applied mathematics and statistics,"applied mathematics, applied statistics","applied mathematics, statistics","applied mathematics, statistics"
applied mechanics,applied mechanics,applied mechanics,applied mechanics
applied physics,applied physics,applied physics,applied physics
archaeology,archaeology,archaeology,archaeology
architecture,architecture,architecture,architecture
art,,arts,art
artificial intelligence,,artificial intelligence,artificial intelligence
arts,arts,arts,art
arts and science,"art, science","arts, science","art, science"
astronautics,astronautics,astronautics,astronautics
astronomy,astronomy,astronomy,astronomy
astrophysics,astrophysics,astrophysics,astrophysics
atmospheric and marine science,"atmospheric science, marine science","atmospheric science, marine science","atmospheric science, marine science"
atmospheric science,atmospheric science,atmospheric science,atmospheric science
automotive engineering,automotive engineering,automotive engineering,automotive engineering
basic biomedical science,biomedical science,biomedical science,biomedical science
behavior genetics,behavior genetics,behavior genetics,behavior genetics
behavioral biology,behavioral biology,behavioral biology,behavioral biology
behavioral science,behavioral science,behavioral science,behavioral science
bio-environmental science,bio-environmental science,bio-environmental science,bio-environmental science
biochemical engineering,biochemical engineering,biochemical engineering,biochemical engineering
biochemistry,biochemistry,biochemistry,biochemistry
bioengineering,bioengineering,bioengineering,bioengineering
biogeochemistry,biogeochemistry,biogeochemistry,biogeochemistry
biogeoscience,biogeoscience,biogeoscience,biogeoscience
bioinformatics,bioinformatics,bioinformatics,bioinformatics
biological engineering,biological engineering,biological engineering,biological engineering
biological materials,,,
biological science,biological science,biology,biology
biology,biology,biology,biology
biomathematics,biomathematics,biomathematics,biomathematics
biomedical engineering,biomedical engineering,biomedical engineering,biomedical engineering
biomedical informatics,biomedical informatics,biomedical informatics,biomedical informatics
biomedical science,biomedical science,biomedicine,biomedicine
biomedicine,biomedicine,biomedicine,biomedicine
biometry,biometry,biometry,biometry
biomolecular engineering,biomolecular engineering,biomolecular engineering,biomolecular engineering
biomolecular science,biomolecular science,biomolecular science,biomolecular science
biophysical science,biophysics,biophysics,biophysics
biophysics,biophysics,biophysics,biophysics
biosystems,biosystems,,biosystems engineering
biosystems and agricultural engineering,"biosystems, agricultural engineering","biosystems engineering, agricultural engineering","biosystems engineering, agricultural engineering"
biosystems engineering,biosystems,biosystems engineering,biosystems engineering
biotechnology,,biotechnology,biotechnology
botany,botany,botany,botany
brain and cognitive science,"brain science, cognitive science","brain science, cognitive science","brain science, cognitive science"
business,,,
business administration,business administration,business administration,business administration
business analytics,business analytics,,business analytics
cell and developmental biology,"cellular biology, developmental biology","cell biology, developmental biology","cell biology, developmental biology"
cell biology,cellular biology,cell biology,cell biology
cellular and developmental biology,"cellular biology, developmental biology","cell biology, developmental biology","cell biology, developmental biology"
cellular biology,cellular biology,cell biology,cell biology
cellular gene regulation,cellular gene regulation,,
ceramic engineering,ceramic engineering,ceramic engineering,ceramic engineering
ceramics and materials engineering,"ceramic engineering, materials engineering","cearmic engineering, materials engineering","ceramic engineering, materials engineering"
chemical and biochemical engineering,"chemical engineering, biochemical engineering","chemical engineering, biochemical engineering","chemical engineering, biochemical engineering"
chemical and biomolecular engineering,"chemical engineering, biomolecular engineering","chemical engineering, biomolecular engineering","chemical engineering, biomolecular engineering"
chemical biology,chemical biology,chemical biology,chemical biology
chemical engineering,chemical engineering,chemical engineering,chemical engineering
chemical genomics,chemical genomics,chemical genomics,chemical genomics
chemical science,chemistry,chemistry,chemistry
chemistry,chemistry,chemistry,chemistry
chemistry of life processes,chemistry of life processes,chemistry of life processes,chemistry of life processes
chronometry,chronometry,,chronometry
civil,,,
civil and environmental engineering,"civil engineering, environmental engineering","civil engineering, environmental engineering","civil engineering, environmental engineering"
civil engineering,civil engineering,civil engineering,civil engineering
civil/environmental engineering,"civil engineering, environmental engineering","civil engineering, environmental engineering","civil engineering, environmental engineering"
cns,,,
coastal policy,,,
cognitive psychology,cognitive psychology,cognitive psychology,cognitive psychology
cognitive science,cognitive science,cognitive science,cognitive science
commercialization,,,
communication disorders,,,
communication science,communication science,communication science,communication science
communications,,,
composition,,,
computational biology,computational biology,computational biology,computational biology
computational chemistry,computational chemistry,computational chemistry,computational chemistry
computational data science,computational data science,computational data science,computational data science
computational engineering,computational engineering,computational engineering,computational engineering
computational mathematics,computational mathematics,computational mathematics,computational mathematics
computational science,computer science,computer science,computer science
computational statistics,computational statistics,computational statistics,computational statistics
computer engineering,computer engineering,computer engineering,computer engineering
computer science,computer science,computer science,computer science
computer science and behavioral science,"computer science, behavioral science","computer science, behavioral science","computer science, behavioral science"
computer science and engineering,computer science and engineering,"computer science, computer engineering","computer science, computer engineering"
computing,,,
computing science,computer science,computer science,computer science
computing-related disciplines,computer science,computer science,computer science
conservation biology,conservation biology,conservation biology,conservation biology
creative writing,creative writing,creative writring,creative writing
curriculum development,,,
cybersecurity,cybersecurity,cybersecurity,cybersecurity
data science,data science,data science,data science
data-enabled infrastructure resiliency,,,
degree programs in engineering,engineering,engineering,engineering
design,,design,design
development studies,development studies,development studies,development studies
different engineering programs,engineering,engineering,engineering
diplomacy,diplomacy,diplomacy,diplomacy
display technology,,,
earth and climate science,"earth science, climate science","earth science, climate science","earth science, climate science"
earth science,earth science,earth science,earth science
earth system science,earth system science,earth system science,earth system science
earth system science programs,earth system science,earth system science,earth system science
ecological modeling,ecological modeling,,ecological modeling
ecology,ecology,ecology,ecology
ecology and evolution,"ecology, evolutionary biology","ecology, evolutionary biology","ecology, evolutionary biology"
ecology and evolutionary biology,"ecology, evolutionary biology","ecology, evolutionary biology","ecology, evolutionary biology"
economic science,economics,economics,economics
economics,economics,economics,economics
ecosystem science,ecosystem science,ecosystem science,ecosystem science
education,,education science,education science
education science,education science,education science,education science
educational psychology,educational psychology,educational psychology,educational psychology
electric engineering,electrical engineering,electrical engineering,electrical engineering
electrical and chemical engineering,"electrical engineering, chemical engineering","electrical engineering, chemical engineering","electrical engineering, chemical engineering"
electrical and computer engineering,"electrical engineering, compter engineering","electrical engineering, computer engineering","electrical engineering, computer engineering"
electrical engineering,electrical engineering,electrical engineering,electrical engineering
electronics,,electronics,electronics
energy,,,
energy policy,,,
engineering,engineering,engineering,engineering
engineering and life science,"engineering, life science","engineering, life science","engineering, life science"
engineering design,engineering design,engineering design,engineering design
engineering immunological soft materials,engineering immunology,materials engineering,materials engineering
engineering physics,engineering physics,engineering physics,engineering physics
engineering research,engineering,engineering,engineering
engineering science,engineering science,engineering,engineering
english,english,,english
entomological biology,entomology,entomology,entomology
entomology,entomology,entomology,entomology
entrepreneurship,entrepreneurship,,entrepreneurship
environment,,,
environmental conservation,environmental conservation,,environmental conservation
environmental economics,environmental economics,environmental economics,environmental economics
environmental engineering,environmental engineering,environmental engineering,environmental engineering
environmental health,,environmental health,environmental health
environmental management,environmental management,environmental management,environmental management
environmental manufacturing management,environmental manufacturing management,environmental manufacturing management,environmental manufacturing management
environmental microbiology,environmental microbiology,environmental microbiology,environmental microbiology
environmental policy,environmental policy,environmental policy,environmental policy
environmental science,environmental science,environmental science,environmental science
environmental sociology,environmental sociology,environmental sociology,environmental sociology
environmental studies,environmental studies,environmental studies,environmental studies
environmental systems,environmental systems,environmental systems,environmental systems
ethics,ethics,ethics,ethics
evolution,,,
evolutionary primatology,evolutionary primatology,evolutionary primatology,evolutionary primatology
exercise science,exercise science,exercise science,exercise science
experimental psychology,experimental psychology,experimental psychology,experimental psychology
fisheries,fisheries,,fisheries
food biochemistry,food biochemistry,food biochemistry,food biochemistry
food science,food science,food science,food science
force-field development,,,
forest ecology,forest ecology,forest ecology,forest ecology
forest management,forest management,forest management,forest management
forest resources,forestry,,forestry
forestry,forestry,forestry,forestry
genetics,genetics,genetics,genetics
genome biology,genome biology,genome biology,genome biology
genomics,genomics,genomics,genomics
geoarchaeology,geoarchaeology,geoarchaeology,geoarchaeology
geography,geography,geography,geography
geological engineering,geological engineering,geological engineering,geological engineering
geological science,geological science,geology,geology
geology,geology,geology,geology
geometry,geometry,geometry,geometry
geophysics,geophysics,geophysics,geophysics
geoscience,geoscience,geoscience,geoscience
german,german,,german
governance,,,
graduate education,,,
health,,,
health and safety,,,
health science,health science,health science,health science
history,history,history,history
homeland security,,,
horticulture,horticulture,horticulture,horticulture
human centered design,human centered design,human centered design,human centered design
human health,human health,,
human resources,human resources,,human resources
human-centered science,human-centered science,human-centered science,human-centered science
humanities,humanities,humanities,humanities
hydrology,hydrology,hydrology,hydrology
hydrology science,hydrology science,hydrology,hydrology
imaging,,imaging,
imaging science,imaging science,imaging,imaging science
immunology,immunology,immunology,immunology
industrial,,,
industrial and systems engineering,"industrial engineering, systems engineering","industrial engineering, systems engineering","industrial engineering, systems engineering"
industrial engineering,industrial engineering,industrial engineering,industrial engineering
informatics,informatics,informatics,informatics
information,,,
information engineering,information engineering,information engineering,information engineering
information science,information science,information science,information science
information science and technology,"information science, information technology","information science, information technology","information science, information technology"
information science business,information science business,information science ,
information technology,information technology,information technology,information technology
infotechnology,information technology,infotechnology,infotechnology
infrastructure resiliency,infrastructure resiliency,,
inorganic materials,inorganic materials,,
insect biology,insect biology,insect biology,insect biology
integrated coastal science,integrated coastal science,integrated coastal science,integrated coastal science
integrative bioscience,integrative bioscience,integrative bioscience,integrative bioscience
integrative pathobiology,integrative pathobiology,integrative pathobiology,integrative pathobiology
interior design,interior design,interior design,interior design
journalism,journalism,journalism,journalism
kinesiology,kinesiology,kinesiology,kinesiology
law,law,law,law
learning design and technology,,"learning design, learning technology","learning design, learning technology"
learning science,learning science,learning science,learning science
learning systems,,,
liberal arts,liberal arts,liberal arts,liberal arts
liberal arts,liberal arts,liberal arts,liberal arts
life science,life science,life science,life science
limnology,limnology,limnology,limnology
linguistic science,linguistics,linguistics,linguistics
linguistics,linguistics,linguistics,linguistics
machine learning,machine learning,machine learning,machine learning
macromolecular science,macromolecular science,macromolecular science,macromolecular science
magnetic recording,,,
management,management,management,management
management of technology,management of technology,management of technology,management of technology
manufacturing,manufacturing,manufacturing,manufacturing
marine science,marine science,marine science,marine science
marine science,marine science,marine science,marine science
material science,materials science,materials science,materials science
materials engineering,materials engineering,materials engineering,materials engineering
materials science,materials science,materials science,materials science
materials science engineering,materials science engineering,materials science engineering,materials science engineering
materials sensor monitoring,,,
math,mathematics,mathematics,mathematics
mathematical science,mathematics,mathematics,mathematics
mathematics,mathematics,mathematics,mathematics
mathematics and statistics,"mathematics, statistics","mathematics, statistics","mathematics, statistics"
mechanical and aerospace engineering,"mechanical engineering, aerospace engineering","mechanical engineering, aerospace engineering","mechanical engineering, aerospace engineering"
mechanical engineering,mechanical engineering,mechanical engineering,mechanical engineering
mechanics,mechanics,mechanics,mechanics
medical technology,medical technology,,medical technology
medicinal chemistry,medicinal chemistry,medicinal chemistry,medicinal chemistry
medicine,medicine,medicine,medicine
medicine degree programs,medicine,medicine,medicine
metallurgical and materials engineering,"metallurgial engineering, materials engineering","metallurgical engineering, materials engineering","metallurgical engineering, materials engineering"
meteorology,meteorology,meteorology,meteorology
microbial biology,microbial biology,microbial biology,microbial biology
microbiology,microbiology,microbiology,microbiology
microtechnology,microtechnology,microtechnology,microtechnology
model-infrastructure resiliency,,,
molecular,,,
molecular and integrative physiology,"molecular physiology, integrative physiology","molecular physiology, integrative physiology","molecular physiology, integrative physiology"
molecular biology,molecular biology,molecular biology,molecular biology
molecular bioscience,molecular bioscience,molecular bioscience,molecular bioscience
molecular engineering,molecular engineering,molecular engineering,molecular engineering
molecular genetics,molecular genetics,molecular genetics,molecular genetics
nanomaterials,nanomaterials,,nanomaterials
nanoparticulate materials,nanoparticulate materials,,nanomaterials
nanoscale imaging,,,
nanoscale materials science,nanoscale materials science,nanoscale materials science,nanoscale materials science
nanoscience,nanoscience,nanoscience,nanoscience
nanotechnology,nanotechnology,nanotechnology,nanotechnology
natural resource management studies,natural resources management,natural resource management studies,natural resource management studies
natural resource science,natural resource science,natural resources science,natural resource science
natural resources,,,
natural resources ecology,natural resources ecology,natural resources ecology,natural resources ecology
natural resources management,natural resources management,natural resources management,natural resources management
natural resources science,natural resources science,natural resources science,natural resources science
natural science,natural science,natural science,natural science
neural science,neural science,neuroscience,neuroscience
neural systems engineering,neural systems engineering,neural systems engineering,neural systems engineering
neurobiology,neurobiology,neurobiology,neurobiology
neurobiology and behavior,"neurobiology, behavior science",neurobiology,neurobiology
neurophysiology,neurophysiology,neurophysiology,neurophysiology
neuroscience,neuroscience,neuroscience,neuroscience
number theory,number theory,number theory,number theory
nutrition,nutrition,nutrition,nutrition
oceanography,oceanography,oceanography,oceanography
operations research,operations research,operations research,operations research
optical science,optical science,optical science,optical science
optics,optical science,optics,optical science
organic electronics,organic electronics,organic electronics,organic electronics
organizational science,organizational science,organizational science,organizational science
paleoecology,paleoecology,paleoecology,paleoecology
partial differential equations,,,
particle physics,particle physics,particle physics,particle physics
patent law,patent law,patent law,patent law
pathology,pathology,pathology,pathology
pharmaceutics,pharmaceutics,pharmaceutics,pharmaceutics
pharmacological science,pharmacology,pharmacology,pharmacology
pharmacology,pharmacology,pharmacology,pharmacology
philosophy,philosophy,philosophy,philosophy
philosophy of science,philosophy of science,philosophy of science,philosophy of science
photobiology,photobiology,photobiology,photobiology
physical and life science,"physical science, life science","physical science, life science","physical science, life science"
physical anthropology,physical anthropology,physical anthropology,physical anthropology
physical electronics,physical electronics,physical electronics,physical electronics
physical organic chemistry,physical organic chemistry,physical organic chemistry,physical organic chemistry
physical science,physics,physical science,physics
physics,physics,physics,physics
physiology,physiology,physiology,physiology
planning,,,
plant and soil science,"plant science, soil science","plant science, soil science","plant science, soil science"
plant biology,plant biology,plant biology,plant biology
plant breeding,plant breeding,,plant breeding
plant pathology,plant pathology,plant pathology,plant pathology
plant science,plant science,plant science,plant science
plants,,,
plastics,,,
polar programs,,,
policy,,,
political economy,,political economy,political economy
political science,political science,political science,political science
polymer engineering,polymer engineering,polymer engineering,polymer engineering
polymer science,polymer science,polymer science,polymer science
process engineering,process engineering,process engineering,process engineering
product engineering,product engineering,product engineering,product engineering
psychological science,psychology,psychology,psychology
psychology,psychology,psychology,psychology
public affairs,public affairs,public affairs,public affairs
public health,public health,public health,public health
public policy,public policy,public policy,public policy
quantitative biology,quantitative biology,quantitative biology,quantitative biology
quantum engineering,quantum engineering,quantum engineering,quantum engineering
quantum networks,,,
rehabilitation therapy education,rehabilitation therapy education,rehabilitation therapy education,rehabilitation therapy education
rna gene regulation,,,
robotics,robotics,robotics,robotics
robotics engineering,robotics engineering,robotics engineering,robotics engineering
rural sociology,rural sociology,rural sociology,rural sociology
science,science,science,science
science and society,,,
science communication,science communication,,
scientific computation science,scientific computation science,scientific computation science,scientific computation science
security,,,
sensor physics,sensor physics,sensor physics,sensor physics
social behavioral science,social behavioral science,social behavioral science,social behavioral science
social science,social science,social science,social science
society,,,
sociology,sociology,sociology,sociology
soil and crop science,"soil science, crop science","soil science, crop science","soil science, crop science"
soil science,soil science,soil science,soil science
soil science and zoology,"soil science, zoology","soil science, zoology","soil science, zoology"
solid state physics,solid state physics,solid state physics,solid state physics
spanish,spanish,,spanish
speech-language-hearing,,speech-language-hearing science,speech-language-hearing science
speech-language-hearing science,speech-language-hearing science,speech-language-hearing science,speech-language-hearing science
statistical science,statistics,statistics,statistics
statisticics,statistics,statistics,statistics
statistics,statistics,statistics,statistics
statistics and probability,"statistics, probability",,"statistics, probability"
stochastic differential equations,,,
strategic communication,strategic communication,,
structural biology,structural biology,structural biology,structural biology
sustainable engineering,sustainable engineering,sustainable engineering,sustainable engineering
sustainable polymeric materials,sustainable polymeric materials,,
synthetic chemistry,synthetic chemistry,synthetic chemistry,synthetic chemistry
system science,systems science,system science,systems science
systems and information engineering,"systems engineering, information engineering","systems engineering, information engineering","systems engineering, information engineering"
systems biology,systems biology,systems biology,systems biology
systems engineering,systems engineering,systems engineering,systems engineering
systems integration,systems integration,,systems integration
systems neuroscience,systems neuroscience,systems neuroscience,systems neuroscience
team science,,team science,team science
technology,,,technology
technology and policy,,,
technology and society,,,
technology arts,technology arts,arts,technology arts
theater,theater,theater,theater
theoretical chemistry,theoretical chemistry,theoretical chemistry,theoretical chemistry
theoretical mechanics,theoretical mechanics,theoretical mechanics,theoretical mechanics
tissue engineering,tissue engineering,tissue engineering,tissue engineering
urban planning,urban planning,urban planning,urban planning
urban studies,urban studies,urban studies,urban studies
urban studies and planning,"urban studies, urban planning","urban studies, urban planning","urban studies, urban planning"
user experience design,user experience design,user experience design,user experience design
video art and interactive installations,video art,"video art, interactive installations","video art, interactive installations"
visual design,visual design,visual design,visual design
wildlife conservation,wildlife conservation,wildlife conservation,wildlife conservation
zoology,zoology,zoology,zoology