terms,consensus
academe,
academia,
academic disciplinary context,
academic discipline,
academic employment,
academic research,
academic silos,
academy,
accessibility,
accounting,accounting
acidification,
acoustics,acoustics
acoustics and audio,
acting,
adaptive dynamics,adaptive dynamics
adult learning theory,
advanced computational science,computer science
advanced materials for energy,materials science
advanced optical design,optical design
aeroecology,aeroecology
aeronautics,aeronautics
aerospace,
aerospace engineering,aerospace engineering
aerospace systems,aerospace systems
aesthetics,
agep,
aging sciences,aging science
agricultural,
agricultural and biological engineering,"agricultural engineering, biological engineering"
agricultural biotechnology,agricultural biotechnology
agricultural ecology,agricultural ecology
agricultural economics,agricultural economics
agricultural engineering,agricultural engineering
agricultural industry,
agricultural science,agriculture
agricultural sciences,agriculture
agricultural systems,agricultural systems
agriculture,agriculture
agriculture and development,
agriculture/economics,"agriculture, economics"
agronomy,agronomy
ai,artificial intelligence
ai-driven solutions,
algal bioreactors,
algorithm design,algorithm design
alternative energy production,
analytics,
animal science,animal science
animal sciences,animal science
anthropogenic influences on landscapes,
anthropology,anthropology
antibiotic effects on ribosomal protein synthesis,
applied and engineering physics,"applied physics, engineering physics"
applied anthropology,applied anthropology
applied biodiversity science,applied biodiversity science
applied economics,applied economics
applied engineering programs,applied engineering
applied math,applied mathematics
applied mathematics,applied mathematics
applied mathematics & statistics,"applied mathematics, statistics"
applied mathematics and statistics,"applied mathematics, statistics"
applied physics,applied physics
applied physics & applied mathematics,"applied physics, applied mathematics"
applied science,applied science
aquatic ecosystems,
aquatic science,aquatic science
aquatic systems,
archaeology,archeology
archeology,archeology
archeometry,archeometry
architecture,architecture
arctic research,arctic research
arid lands,
art,art
art history,art history
arthropod evolution,arthropod evolution
artificial intelligence,artificial intelligence
artificial intelligence (ai),artificial intelligence
artificial photosynthesis,
arts,art
arts & sciences,"art, science"
arts and humanities,"art, humanities"
arts and sciences,"art, science"
assistive technology,
astrobiology,astrobiology
astronomy,astronomy
astrophysical flows,
astrophysics,astrophysics
atmospheric fluid dynamics,atmospheric fluid dynamics
atmospheric instrumentation,
atmospheric science,atmospheric science
atmospheric science/meteorology,"atmospheric science, meteorology"
atmospheric sciences,atmospheric science
atomic physics,atomic physics
automation,
automotive engineering,automotive engineering
automotive systems,
aviation,aviation
bacterial motion,
basic biomedical sciences,biomedical science
basic science,basic science
basic sciences,basic science
behavior,
behavior genetics,behavioral genetics
behavior science,behavioral science
behavioral,
behavioral biology,behavioral biology
behavioral genetics,behavioral genetics
behavioral science,behavioral science
behavioral sciences,behavioral science
big data and analytics,
bio,
bio-environmental science,bioenvironmental science
bio-innovation,bioinnovation
bio-molecular,
bio-nanotechnology,bionanotechnology
bio-optic sensors,
bio/start technology incubator,
biochemistry,biochemistry
biodevice development,
biodiagnostic devices,
biodiversity,
biodiversity institute,
bioelectronic sensors,
bioengineering,bioengineering
biofilm engineering,biofilm engineering
biofilms,
biofluids,
biogeochemical cycles,
biogeochemistry,biogeochemistry
biogeochemists,
biogeography,biogeography
biogeoscience,biogeoscience
bioinformatics,bioinformatics
biological,
biological and environmental engineering,"biological engineering, environmental engineering"
biological disciplines,biology
biological engineering,biological engineering
biological flows,
biological oceanography,biological oceanography
biological organization,
biological science,biology
biological sciences,biology
biological systems engineering,biological systems engineering
biological/ biomedical scientists,
biology,biology
biology/biologists,biology
biomanufacturing,
biomass conversions,
biomathematics,biomathematics
biomechanics and engineering,"biomechanics, engineering"
biomechanics/anatomy,"biomechanics, anatomy"
biomedical,
biomedical applications,
biomedical engineering,biomedical engineering
biomedical flows,
biomedical informatics,biomedical informatics
biomedical research,biomedicine
biomedical science,biomedicine
biomedical science and engineering,"biomedicine, biomedical engineering"
biomedical sciences,biomedicine
biomedical transport phenomena,
biomedicine,biomedicine
biometry,biometry
biomolecular detection,
biomolecular engineering,biomolecular engineering
biomolecular science & engineering,"biomolecular science, biomolecular engineering"
biomolecular structure,
biophotonics,biophotonics
biophysical laboratory methods,
biophysical sciences,biophysics
biophysics,biophysics
bioprocess engineering,bioprocess engineering
biosciences,biology
biosensor,
biosensors,
biospheric-atmospheric research training,
biospheric-atmospheric research training (bart),
biosystems,biosystems
biosystems engineering,biosystems engineering
biotechnology,biotechnology
blue economy,
bme-idea (competition),
botanical systems,botanical systems
botany,botany
brain and cognitive sciences,"brain science, cognitive science"
brine treatment and disposal,
building hvac systems and energy efficient buildings,
burst processes in cylinder-cylinder intersections,
business,
business administration,business administration
business and entrepreneurship,"business, entrepreneurship"
business school,
cardiovascular physiology,cardiovascular physiology
career services,
cell and developmental biology,"cell biology, developmental biology"
cell and molecular neurobiology,"cell neurobiology, molecular neurobiology"
cell biology,cell biology
cell delivery,
cell motility,
cell signaling,
cellular,
cellular & molecular mechanics,"cellular mechanics, molecular mechanics"
cellular biology,cell biology
cellular engineering,cell engineering
cellular signaling networks,
cellular-level analysis,
center for solid state electronics research,solid state electronics
ceramic engineering,ceramic engineering
cfd (computational fluid dynamics),computational fluid dynamics
chaos theory,
characterization,
chemical,
chemical and biomolecular engineering,"chemical engineering, biomolecular engineering"
chemical and materials engineering,"chemical engineering, materials engineering"
chemical biology,chemical biology
chemical ecology,chemical ecology
chemical engineering,chemical engineering
chemical physics,chemical physics
chemical sciences,chemistry
"chemical, biochemical and environmental engineering","chemical engineering, biochemical engineering, environmental engineering"
chemistry,chemistry
chemistry and biochemistry,"chemistry, biochemistry"
chemistry/pharmaceutics,"chemistry, pharmaceutics"
citizen-science,
city governance,
civil,
civil and environmental engineering,"civil engineering, environmental engineering"
civil engineering,civil engineering
"civil, environmental, and sustainable engineering","civil engineering, environmental engineering, sustainable engineering"
civil/environmental engineering,"civil engineering, environmental engineering"
climate,
climate change,
climate change research,
climate dynamics,climate dynamics
climate modeling,climate modeling
climate science,climatology
climatology,climatology
clinical,
clinical disciplines,clinical disciplines
clinical psychology,clinical psychology
cloud computing,
coastal and marine system science (cmss),"coastal science, marine system science"
coastal ocean sciences,coastal ocean science
coastal policy,
cognition,
cognitive and linguistic sciences,"cognitive science, linguistics"
cognitive neuroscience,cognitive neuroscience
cognitive psychology,cognitive psychology
cognitive science,cognitive science
cognitive sciences,cognitive science
cold regions research,cold regions research
college of business,
college of engineering,
college of graduate studies,
colleges,
colleges/schools at ut,
colloid and interface science,"colloid science, interface science"
commerce,
commercialization,
commercialization/entrepreneurship,
communication,
communication disorders,
communication science and disorders,"communication science, communication disorders"
communication sciences,communication science
communications,
comparative and experimental functional morphology,"comparative morphology, experimental functional morphology"
comparative neuroscience,comparative neuroscience
complex networks and systems (cns),complex networks and systems
complex systems,complex systems
composition,
computation,
computation/visualization,
computational,
computational analysis,
computational and data sciences,"computational science, data science"
computational bio-imaging,computational bio-imaging
computational biologists,
computational biology,computational biology
computational chemistry,computational chemistry
computational data science,computational data science
computational genomics,computational genomics
computational intelligence,
computational materials science,computational materials science
computational methodology,
computational methods,
computational molecular biology,computational molecular biology
computational neuroscience,computational neuroscience
computational phylogenetics,computational phylogenetics
computational physiology,computational physiology
computational science,computational science
computational sciences,computational science
computational transportation,
computer and information science and engineering,"computer science, information science, computer engineering, information engineering"
computer and system sciences,"computer science, system science"
computer architecture,
computer engineering,computer engineering
computer intensive computing,
computer science,computer science
computer science and engineering,"computer science, computer engineering"
computer science department,
computer sciences,computer science
computer simulation,
computer vision,computer vision
computer/signal processing,"computer processing, signal processing"
computing,
conductive polymers,
conservation,
conservation biology,conservation biology
conservation biology and biodiversity assessment,conservation biology
conservation science,conservation science
control theory,
controlled environment agriculture systems,controlled environment agriculture systems
counseling,
creative writing,creative writing
crop sciences,crop science
cryptography,cryptography
cultural studies,cultural studies
culture,
cyber,
cyber-physical systems,cyber-physical systems
cyber-physical systems (cps),cyber-physical systems
cybersecurity,cybersecurity
cybersecurity education research and outreach center,cybersecurity
data analysis,data analytics
data analytics,data analytics
data communications,
data intensive computing,
data mining,
data science,data science
data visualization,data visualization
data-enabled science,data science
decision science,decision science
decision systems,CHECK
decision-making,
demography,demography
density functional theory,
departments,
desalination,
design,design
development,
developmental biology,developmental biology
developmental studies,developmental studies
device engineering,device engineering
devices,
"diet, genes, and aging",
diplomacy,diplomacy
distributed data analytics,distributed data analytics
"distributed generation (solar, wind, fuel cells)",
diversity and inclusion,
dna sequencing,
drug delivery,
drylands,
dynamical systems theory,
dynamics,
earth & environmental engineering,"earth engineering, environmental engineering"
earth & environmental sciences,"earth science, environmental science"
earth science,earth science
earth sciences,earth science
earth system science,earth system science
earth system sciences,earth system science
earth systems science,earth system science
eco-materials,
ecological,
ecological genetics,ecological genetics
ecological processes,
ecology,ecology
ecology and evolution,"ecology, evolution"
economic,
economic and environmental assessment,
economic sciences,economics
economics,economics
economics department,
ecophysiology,ecophysiology
ecosystem and environmental science,"ecosystem science, environmental science"
ecosystem restoration,
ecosystem science,ecosystem science
ecosystem sciences,ecosystem science
ecosystems,
ecosystems ecologists,
education,
education (ehr),
education and human resources,education science
education research,education science
education science,education science
education sciences,education science
educational opportunities,
educational psychology,educational psychology
efficient appliances,
eight departments,
electric motor drive fault characterization and prediction,
electric power systems,
electrical & computer engineering,"electrical engineering, computer engineering"
electrical & mechanical engineering,"electrical engineering, mechanical engineering"
electrical and bioengineering,"electrical engineering, bioengineering"
electrical and computer engineering,"electrical engineering, computer engineering"
electrical and computer engineering (ece),"electrical engineering, computer engineering"
electrical and computer systems engineering,"electrical engineering, computer systems engineering"
electrical engineering,electrical engineering
electrical engineering technology,
electronic and computing systems,
electronic devices,
electronic systems,
electronics,
elemental chemistry,elemental chemistry
elementary students,
embryology,embryology
empirical science,
energy,
energy and environmental policy,"energy policy, environmental policy"
energy applications,
energy efficiency,
energy policy,energy policy
energy production,
energy science,energy science
"energy storage (batteries, flywheels, compressed air, thermal storage, electric vehicles)",
energy system modeling,
engineering,engineering
engineering (eng),engineering
engineering and mathematics,"engineering, mathematics"
engineering college,
engineering design,engineering design
engineering disciplines,engineering
engineering education research,engineering education
engineering research,engineering
engineering research center (erc) for engineering of human tissues,
engineering science,engineering
engineering science and mechanics,"engineering, mechanics"
engineering/engineers,
engineers,
english,english
enlightened policy making,
entomology,entomology
entomology/life sciences,"entomology, life science"
entrepreneurship,entrepreneurship
environment,
environment and earth sciences,"environmental science, earth science"
environmental,
environmental and natural resources sciences,"environmental science, natural resources science"
environmental applications,
environmental biology,environmental biology
environmental change,
environmental conservation,environmental conservation
environmental design,environmental design
environmental discipline,environmental science
environmental economics,environmental economics
environmental engineering,environmental engineering
environmental ethics,environmental ethics
environmental governance,
environmental health,
environmental issues,
environmental justice,
environmental management,environmental management
environmental manufacturing management,environmental manufacturing management
environmental microbiology,environmental microbiology
environmental modeling and prediction,environmental modeling
environmental monitoring,
environmental policy,environmental policy
environmental preservation,
environmental remediation,
environmental science,environmental science
environmental science and engineering,"environmental science, environmental engineering"
environmental science policy,environmental policy
environmental sciences,environmental science
environmental social sciences,environmental social science
environmental sociology,environmental sociology
environmental studies,environmental studies
environmental systems,
epidemiology,epidemiology
ergodic theory,
estuarine flows,
ethical domains,ethics
ethics,ethics
ethnography,ethnography
evolution,
evolutionary and developmental biology,"evolutionary biology, developmental biology"
evolutionary biology,evolutionary biology
evolutionary developmental biology,evolutionary developmental biology
evolutionary ecology,evolutionary ecology
evolutionary primatology,evolutionary primatology
evolutionary research,evolutionary research
exercise,
exercise science,exercise science
exercise sciences,exercise science
experiment,
experimental psychology,experimental psychology
extreme loading of large structural systems (e.g. earthquakes),
faculties,
federal policy,federal policy
field behavior,
finance,
fisheries,fisheries
fisheries science,fisheries
five colleges,
flexible electronics,flexible electronics
flexible neural electronics,flexible neural electronics
fluid dynamics,
food safety and security,
food science,food science
food security,
food-energy-water systems,
force guided automated assembly,
force-field development,
forced migration and health,
forensic engineering,forensic engineering
forensics,forensics
forest ecology and management,"forest ecology, forest management"
forest ecosystems,forest ecosystems
forest resources,
forestry,forestry
forestry and wildlife sciences,"forestry, wildlife science"
fossil fuel infrastructure,
freshwater ecology,freshwater ecology
fuel cells,
functional anatomy and evolution,CHECK
functional genomics,functional genomics
functional materials,
functional systems,
fundamental research,
game design,game design
game theory,game theory
gene targeting,
genetic counseling,
genetic engineering,genetic engineering
genetic engineering and society (minor),genetic engineering
genetics,genetics
genetics (molecular and population),"molecular genetics, population genetics"
genome evolution,
genome informatics,genome informatics
genome sciences,genome science
genomic sciences,genome science
genomics,genomics
genomics and biology,"genomics, biology"
genomics research,genomics
geochemistry,geochemistry
geographic information science,geographic information science
geographic information science (giscience),geographic information science
geographic mapping,
geography,geography
geography and environmental systems,"geography, environmental systems"
geoinformatics,geoinformatics
geological engineering,geological engineering
geological sciences,geology
geology,geology
geology/geochemists,geology
geomicrobiology,geomicrobiology
geophysical fluid dynamics laboratory (gfdl),
geophysics,geophysics
georgia,
geosciences,geoscience
german,german
gerontechnology,
global environmental,
global governance,
global leadership,
global logistics,
governance,
government,
government & social policy,
graduate education,
graduate science,
graduate students,
greenhouse gas emissions,
health and behavioral sciences,"health science, behavioral science"
health care,
health science,health science
health sciences,health science
health-care,
healthcare,
healthcare industry,
heterogeneous materials,
high performance computing,high performance computing
high-performance computing,high performance computing
higher education,
history,history
holographics,holographics
hominid paleobiology,hominid paleobiology
horticulture,horticulture
human,
human and social dimensions of science and technology,
human behavior,
human centered design & engineering,"human centered design, human centered engineering"
human dimensions of natural resource management,natural resource management
human evolution,human evolution
human factors,
human factors/industrial organizational psychology,industrial organizational psychology
human genetics,human genetics
human health,
human perception,
human resources,
human security,
human systems,
human-computer interaction,human-computer interaction
human-computer interfaces,
humanitarian engineering,humanitarian engineering
humanities,humanities
hybrid systems,
hydrodynamics,hydrodynamics
hydrology,hydrology
hydrology and atmospheric sciences,"hydrology, atmospheric science"
ige,
igert,
igert (integrative graduate education and research training),
image analysis,
imaging,
imaging science,imaging science
immunology,immunology
in-storage computing,
indigenous studies,indigenous studies
indoor environmental science and engineering,"indoor environmental science, indoor environmental engineering"
industrial,
industrial and systems engineering,"industrial engineering, systems engineering"
industrial design,industrial design
industrial engineering,industrial engineering
industrial research,
industrial/government applications,
industry,
infectious disease,
infectious disease epidemiology,infectious disease epidemiology
infectious diseases,
informatics,informatics
information,
information processing,
information science,information science
information sciences,information science
information sciences and technology,"information science, information technology"
information security,information security
information systems,information systems
information technology,information technology
infrastructure,
infrastructure development,
infrastructure engineering,infrastructure engineering
innovation,
innovations in graduate education (ige) track,
innovative thinking,
insect biology,insect biology
institute for policy & social research,
institutions,
instructional development,
instrumentation,
instruments and observational science,instruments science
integrative biosciences,integrative biosciences
integrative pathobiology,integrative pathobiology
intellectual property,
intellectual property rights,
intelligent geosystems,
interactions,
interactive installations,
interdisciplinary,
interdisciplinary computational sciences (ics),compter science
interdisciplinary data science,data science
interdisciplinary data science (mids),data science
interdisciplinary disease ecology,disease ecology
interdisciplinary exchange,
interdisciplinary graduate education and training (igert),
interdisciplinary graduate minor,
interdisciplinary materials sciences,materials science
interdisciplinary research,
interdisciplinary studies,
interdisciplinary technical solutions,
interior design,interior design
international affairs,international affairs
international research collaborations,
international technology,
internet of things (iot),internet of things
interpersonal relationship processes,
interrogative platforms,
jila,
journalism,journalism
journalism/communication,"journalism, communication "
kinesiology,kinesiology
knowledge societies,
knowledge-based economies,
labor market,
laboratory analysis,
land use practices,
language,
language engineering,language engineering
large-scale data infrastructure,
laser interactions with matter,
law,law
law school,
leadership,
learning design and technology,
learning disabilities,
learning sciences,learning science
learning systems,
legal and institutional structure,
liberal arts,liberal arts
library,
library and information science,"library science, information science"
library sciences,library science
life history,
life science,life science
life sciences,life science
life-science,life science
limnology,limnology
linguistics,linguistics
logic circuit design,logic circuit design
machine learning,machine learning
machine learning (ml),machine learning
macromolecular dynamics,macromolecular dynamics
macromolecular modeling,macromolecular modeling
macromolecular science,macromolecular science
macromolecular structure and function,
macromolecular structure laboratories,
magnetics,magnetics
management,
management of technology,
management systems,management systems
manufacturing,manufacturing
manufacturing logistics,
manufacturing research center,
marine and climate sciences (mcs),"marine science, climate science"
marine and environmental sciences,"marine science, environmental science"
marine biology,marine biology
marine policy,marine policy
marine science,marine science
marine sciences,marine science
marketing,
master's,
material science,material science
material sciences,material science
material-biology interface,
materials,
materials and energy,
materials and systems resiliency,
materials chemistry,materials chemistry
materials engineering,materials engineering
materials research,
materials science,material science
materials science & engineering,"material science, materials engineering"
materials science and engineering,"material science, materials engineering"
materials synthesis,materials synthesis
materials synthesis and characterization,"materials synthesis, materials characterization"
materials technology,
math,mathematics
mathematical and physical sciences,"mathematics, physics"
mathematical investigation,mathematics
mathematical methods,
mathematical modeling,mathematical modeling
mathematical sciences,mathematics
mathematics,mathematics
mathematics (stem),mathematics
mathematics and physical sciences (mps),"mathematics, physics"
mathematics and statistics,"mathematics, statistics"
mathematics-statistics,"mathematics, statistics"
mathstat,"mathematics, statistics"
measurement,
measurement training,
mechanical & aerospace engineering,"mechanical engineering, aerospace engineering"
mechanical and aeronautical engineering,"mechanical engineering, aeronautical engineering"
mechanical and aerospace,
mechanical and aerospace engineering,"mechanical engineering, aerospace engineering"
mechanical control systems,
mechanical engineering,mechanical engineering
mechanical systems,mechanical systems
mechanics,mechanics
media,
media arts,media arts
media development,
medical devices,
medical engineering,medical engineering
medical law,medical law
medical school,
medicinal chemistry,medicinal chemistry
medicine,medicine
membrane science,membrane science
memd,
memory systems,memory systems
mems,
mental health,
mesoscale processes,
metabolic networks,
metabolomics,metabolomics
metal-oxide (mox) thin-film transistors (tfts),
metallurgical and materials engineering,"metallurgical engineering, materials engineering"
meteorology,meteorology
micro,
microbial biology,microbial biology
microbial ecology,microbial ecology
microbial geneticists,
microbiology,microbiology
microbiology/microbiologists,
microelectromechanical systems,microelectromechanical systems
microelectromechanical systems (mems),microelectromechanical systems
microelectronics,microelectronics
microelectronics research center,
microscale systems,microsystems
microsystems,microsystems
microwave spectroscopy,
military,
model- and data-enabled infrastructure resiliency,
modeling,
modeling tools,
molecular and integrative physiology,"molecular physiology, integrative physiology"
molecular biology,molecular biology
molecular biophysics,molecular biophysics
molecular biosciences,molecular bioscience
molecular breeding,
molecular engineering,molecular engineering
molecular genetics,molecular genetics
molecular imaging,molecular imaging
molecular life science,molecular life science
molecular motors,
molecular physics,molecular physics
molecular quantum computers,
molecular recognition,
"molecular, cellular and developmental biology","molecular biology, cellular biology, developmental biology"
molecular-beam-epitaxy,
montana multi-university materials science (mtsi),
morphology,morphology
morphometrics,morphometrics
motion science,motion science
motor control,
movement,
multi-agent systems,multi-agent systems
multiculturalism,multiculturalism
multiple biological disciplines,biology
multiple disciplines,
musculoskeletal aging,
museum studies,museum studies
nano,
nano-bio interfaces,
nano-photonics,nanophotonics
nano-scale engineering,nanoscale engineering
nanobiosensors,nanobiosensors
nanobiotechnology,nanobiotechnology
nanofiltration devices,
nanomagnetism,nanomagnetism
nanomaterials,nanomaterials science
nanomaterials science,nanomaterials science
nanomedicine,nanomedicine
nanoparticle science,nanoparticle science
nanoscale engineering,nanoscale engineering
nanoscale instrumentation,nanoscale instrumentation
nanoscale materials,nanomaterials science
nanoscale science,nanoscience
nanoscience,nanoscience
nanostructural materials,
nanostructured devices,
nanostructured materials,
nanostructures research group,
nanotechnology,nanotechnology
nanotoxicity,
national center for atmospheric research earth observing laboratory,
national laboratory,
national science foundation (nsf),
national science foundation research traineeship (nrt),
national security,
native american studies,native american studies
natural interface science,natural interface science
natural resource management,natural resource management
natural resource management studies,natural resource management studies
natural resource science,natural resource science
natural resource sciences,natural resource science
natural resources,
natural resources ecology and management,"natural resources ecology, natural resources management"
natural resources science,natural resource science
natural science,natural science
natural sciences,natural science
natural systems,natural systems
network management computation,network management computation
network modeling,network modeling
network systems,network systems
networking,
neural basis of cognition,cognitive science
neural responses,
neural sciences,neural science
neuro-imaging,
neurobiology,neurobiology
neurobiology & behavior,"neurobiology, behavior science"
neurobiology and behavior,"neurobiology, behavior science"
neuroengineering,neuroengineering
neuromechanics,neuromechanics
neuromorphic computing,neuromorphic computing
neurophysiology,neurophysiology
neuroscience,neuroscience
next generation science standards,
nitrogen science,nitrogen science
non-profit organizations,
nonlinear science,nonlinear science
nonlinear systems,
nuclear energy,
nuclear policy issues,
nuclear threats,
nutrition,
object-based information,
observational science,
ocean general circulation model,
ocean science,ocean science
oceanic flows,
oceanography,oceanography
office of admissions,
office of research,
olfaction,
open science,
operations research,operations research
operations research and industrial engineering,"operations research, industrial engineering"
optical engineering,optical engineering
optical materials,
optical microscopy,
optical molecular bio-engineering,"optical engineering, molecular engineering, bio engineering"
optical networks,
optical physics,optical physics
optics,optics
optics and imaging,"optics, imaging"
organic chemistry,organic chemistry
organic electronics,organic electronics
organic photovoltaic materials,
organismal biology,organismal biology
organization theory,
organizational science,organizational science
organizational systems,
organizations and social change,
organized protein assemblies,
oxide interfaces,
packaging,
packaging research center,
packaging technology,
paleoclimatology,paleoclimatology
paleontology,paleontology
parasitology,parasitology
particle physics,particle physics
patent law,patent law
pathogen biology,pathogen biology
pathology,pathology
pattern formation,
perception,
perceptual and cognitive neuroscience,"perceptual neuroscience, cognitive neuroscience"
perceptual science,perceptual science
ph.d.,
ph.d. sciences,
ph.d. scientists,
ph.d.-granting departments,
pharmaceutical,
pharmaceutical industry,
pharmaceutical science,pharmaceutical science
pharmaceuticals,
pharmacological sciences,pharmacology
pharmacology,pharmacology
pharmacy,
phd,
phd career development,
phenology,phenology
phenotypic studies,phenotypic studies
philosophy,philosophy
photobiology,photobiology
photonic devices,
photonics,photonics
photosynthesis,
photovoltaic materials,
photovoltaics,
phylogenetic analysis,phylogenetics
phylogenetics,phylogenetics
physical,
physical anthropology,physical anthropology
physical biosciences,physical biosciences
physical science,physics
physical sciences,physics
physical scientists,
physical systems,
physical understanding,
physicians and surgeons,
physics,physics
physics and astronomy,"physics, astronomy"
physics of cell structures,cell structure physics
physiological modeling,physiological modeling
physiology,physiology
physiology and biophysics,"physiology, biophysics"
phytopathology,phytopathology
planning,
plant and soil sciences,"plant science, soil science"
plant biology,plant biology
plant biotechnology,plant biotechnology
plant breeding,plant breeding
plant development,plant development
plant genetics,plant genetics
plant pathology,plant pathology
plant science,plant science
plant science research,plant science
plant sciences,plant science
plastics,plastics
polar sciences,polar science
policy,
policy analysis,
policy communities,
policy making,
political,
political domains,
political science,political science
politics,CHECK
polymer design,polymer design
polymer engineering,polymer engineering
polymer science,polymer science
polymer science and engineering,"polymer science, polymer engineering"
population biology,population biology
population dynamics,population dynamics
population genetics,population genetics
population health,
population health sciences,population health science
population science,population science
post-graduate mathematics education,
power electronics and controls,power electronics
preventive medicine,preventive medicine
primatology,primatology
privacy,
private sector economy,
process engineering,process engineering
processing systems,
processing technology,
product design,product design
product development,product development
product engineering,product engineering
professional development,
professions,
protein engineering,protein engineering
proteomics,proteomics
psychological sciences,psychology
psychology,psychology
psychophysics,psychophysics
psychosocial aging,
public affairs,public affairs
public health,public health
public policy,public policy
public policy/government,"public policy, government"
public science (minor),public science
public speaking,
pure and applied mathematics,"pure mathematics, applied mathematics"
qise (quantum information science and engineering),"quantum information science, quantum information engineering"
quantitative and statistical,
quantitative biology,quantitative biology
quantum algorithms,
quantum computing,quantum computing
quantum engineering,quantum engineering
quantum photonics,quantum photonics
quantum science,quantum science
quantum sciences,quantum science
quantum sensors,
radio frequency engineering,radio frequency engineering
radiochemistry,radiochemistry
rangeland science,rangeland science
rapid prototyping,
real-time computing,
regenerative biology,regenerative biology
regenerative medicine,regenerative medicine
regional land use,
regulation,
regulatory networks,
rehabilitation and movement science (arms),"rehabilitation science, movement science"
rehabilitation sciences,rehabilitation science
related fields,
relationship science,relationship science
remediation,
remote sensing,
renewable energy,
renewable energy industries,
reproductive ecology,reproductive ecology
research,
research ethics education,
research hospitals,
research labs,
research methodology,
reservoir flows,
resilience theory,
resource economics,resource economics
resource management,resource management
restoration,
rhetoric,
rhetoric of science,
robotic engineering,robotics engineering
robotics,robotics
robotics engineering,robotics engineering
rural sociology,rural sociology
rutgers business school,
s&t,
school of management and labor relations,
school of polymers and high performance materials,
science,science
science and engineering,"science, engineering"
science and engineering research,
science communication,
science education,
"science, technology, engineering, and mathematics (stem)","science, technology, engineering, mathematics"
sciences,science
scientific computation,
scientific computing,
scientific writing,
security,
security and privacy technologies,
self-assembly,
semiconductor,
semiconductor engineering,semiconductor engineering
semiconductor technology,semiconductor technology
sensing,
sensor electronics,sensor electronics
sensor engineering,sensor engineering
sensor networks,
sensor science,sensor science
sensors,
sensors and controls,
sensors and diagnostic systems,
"sensors for system performance, tracking, and optimization",
sensory biology,sensory biology
service sector,
signal processing,
signal transduction,
small-scale hydrodynamics,hydrodynamics
social,
social analysis,
social and behavioral sciences,"social science, behavioral science"
social and behavioral sciences (sbe),"social science, behavioral science"
social behavioral sciences,social behavioral science
social computer sciences,social computing science
social data analytics,social data analytics
social equity,
social impact assessment,
social institutions,
social relationships,
social science,social science
social sciences,social science
social systems,
social understanding,
social work,
"social, behavioral, and economic sciences","social science, behavioral science, economics"
social/environmental ethics & policy,"social ethics, social policy, environmental ethics, environmental policy"
societal,
societies,
society,
socio-ecological resilience,
socio-environmental systems science,socio-environmental systems science
sociocultural factors,
sociology,sociology
sociology & social policy,"sociology, social policy"
software architectures,
software engineering,software engineering
soil and crop sciences,"soil science, crop science"
soil science,soil science
soils sciences,soil science
solar photovoltaics,
solid state physics,solid state physics
spanish,spanish
spatial and temporal modeling,"spatial modeling, temporal modeling"
spatial science,spatial science
spatial sciences,spatial science
special education,special education
spectroscopy,
speech-language-hearing,speech-language-hearing science
speech-language-hearing sciences,speech-language-hearing science
statistical modeling,
statistical science,statistics
statistics,statistics
stem,"science, technology, engineering, mathematics"
"stem (science, technology, engineering, and math)","science, technology, engineering, mathematics"
"stem (science, technology, engineering, and mathematics)","science, technology, engineering, mathematics"
stem cell biology,stem cell biology
stem education,stem education
stem education research,
stem fields,"science, technology, engineering, mathematics"
stem programs,"science, technology, engineering, mathematics"
stochastic processes,
strategic analysis,
strategic communication,
stratospheric ozone formation,
structural biology,structural biology
structural engineering,structural engineering
structure of matter,
student success center,
studies in health sciences,health science
sun-to-electricity,
sun-to-fuel,
supply-chain management,supply-chain management
surgery,surgery
sustainability,
sustainability science,sustainability science
sustainable development,sustainable development
sustainable engineering,sustainable engineering
sustainable food,
sustainable solar economy,
sustainable urban water infrastructure,
synthesis and surface functionalization and characterization of nanostructures,nanostructure science
synthetic chemistry,synthetic chemistry
system engineering,system engineering
systematics,systematics
systems,
systems biology,systems biology
systems biology and bioengineering,"systems biology, bioengineering"
systems engineering,systems engineering
systems modeling,systems modeling
systems neuroscience,systems neuroscience
systems thinking,
teachers college,
teaching,
team science,team science
teamwork,
technology,technology
technology arts,"technology, art"
technology commercialization,
theater,theater
theoretical and applied mechanics,"theoretical mechanics, applied mechanics"
theoretical computational modeling,theoretical computational modeling
theoretical science,
theory,
therapeutic materials,
thermal biology,thermal biology
thermal engineering,thermal engineering
tissue,
toxicology,toxicology
traditional ecological knowledge,
traffic prediction,
trafficking,
training,
translational research,
transport in fuel cells,
transportation,
transportation engineering,transportation engineering
transportation planning,transportation planning
transportation science,transportation science
trauma and disaster response,
tree of life,
tree-ring studies,tree-ring studies
tropical ecosystems,
undergraduate education majors,
undergraduates,
underrepresented groups,
universities,
university faculty,
unspecified ms and phd degrees,
urban affairs and planning,"urban affairs, urban planning"
urban ecological systems,urban ecological systems
urban ecology,urban ecology
urban ecosystem management,urban ecosystem management
urban planning,urban planning
urban policy planning,urban policy planning
urban redevelopment,
urban studies,urban studies
urban studies and planning,"urban studies, urban planning"
user experience design,user experience design
veterinary medicine,veterinary medicine
video art,video art
visual arts,visual arts
visual design,visual design
vulnerability analysis,
water infrastructure systems,
water policy,
water quality,
water quality and wastewater treatment,
water resources,
water resources management,water resources management
water systems,water systems
watershed science,watershed science
watershed sciences,watershed science
wellbeing,
western science,
whole organismal systems,
wicked science,
wildlife conservation,wildlife conservation
wildlife science,wildlife science
wind energy,
wireless communication,
wood science and forest products,wood science
workforce development,
zoology,zoology